Workbook

Sheet Leia-me
A1: Modelo de roteiro | B1: Preencha as abas Dias, Compromissos, Hospedagem e Transporte. O app importa este arquivo e também exporta para ele.
A2: Cores do cabeçalho | B2: Laranja: obrigatório. Cinza escuro: opcional. Cinza claro: automático (não preencha).
A3: Datas e horários | B3: Datas como 24/10/2026. Horários como 17:30, no horário local do lugar.
A4: Dias | B4: Opcional. Uma linha por dia, para informar a cidade e anotações. Exemplo: 24/10/2026 | Kanazawa | Jardim e bairro das gueixas | Levar guarda-chuva
A5: Compromissos | B5: Uma linha por atividade. Exemplo: 24/10/2026 | 12:30 | 60 | Restaurante | Sushi Exemplo | Rua Fictícia 1, Kanazawa | 11:30 | 14:00 | | 15 | Sim | ABC123 | Silva | 2 | Só dinheiro | 180,00 | Não
A6: Tipo | B6: Passeio, Restaurante, Ingresso (atração com entrada comprada), Compras ou Livre.
A7: Reserva | B7: Sim, Não, Não precisa ou A decidir. Restaurante e Ingresso sem resposta contam como pendência.
A8: Abre / Fecha | B8: Horário de funcionamento no dia da visita. Se o lugar não abre nesse dia, marque Sim em "Fechado no dia".
A9: Trajeto (min) | B9: Tempo para chegar a este compromisso. O app usa para calcular a hora de sair.
A10: Hospedagem | B10: Uma linha por hotel. Exemplo: Hotel Exemplo | Kanazawa | 23/10/2026 | 15:00 | 25/10/2026 | 11:00 | Rua Fictícia 2 | https://example.com | XYZ789 | 2.400,00 | Sim
A11: Transporte | B11: Uma linha por trecho. Exemplo: 23/10/2026 | Trem | Tokyo | Kanazawa | 09:20 | 12:05 | Kagayaki 505 | 7A | | Plataforma 21 | 650,00 | Sim
A12: Pendências | B12: Contagens e custos calculados sozinhos. Não edite.
A13: Limite | B13: As fórmulas e listas cobrem até a linha 301 de cada aba.

Sheet Dias
A1: Data | B1: Cidade | C1: Programa | D1: Notas | E1: Compromissos (automático) | F1: Pendência (automática)
E2: =IF(A2="","",COUNTIF(Compromissos!A:A,A2)+COUNTIF(Transporte!A:A,A2)) | F2: =IF(A2="","",IF(AND(E2=0,C2=""),"Dia sem programa",""))
E3: =IF(A3="","",COUNTIF(Compromissos!A:A,A3)+COUNTIF(Transporte!A:A,A3)) | F3: =IF(A3="","",IF(AND(E3=0,C3=""),"Dia sem programa",""))
E4: =IF(A4="","",COUNTIF(Compromissos!A:A,A4)+COUNTIF(Transporte!A:A,A4)) | F4: =IF(A4="","",IF(AND(E4=0,C4=""),"Dia sem programa",""))
E5: =IF(A5="","",COUNTIF(Compromissos!A:A,A5)+COUNTIF(Transporte!A:A,A5)) | F5: =IF(A5="","",IF(AND(E5=0,C5=""),"Dia sem programa",""))
E6: =IF(A6="","",COUNTIF(Compromissos!A:A,A6)+COUNTIF(Transporte!A:A,A6)) | F6: =IF(A6="","",IF(AND(E6=0,C6=""),"Dia sem programa",""))
E7: =IF(A7="","",COUNTIF(Compromissos!A:A,A7)+COUNTIF(Transporte!A:A,A7)) | F7: =IF(A7="","",IF(AND(E7=0,C7=""),"Dia sem programa",""))
E8: =IF(A8="","",COUNTIF(Compromissos!A:A,A8)+COUNTIF(Transporte!A:A,A8)) | F8: =IF(A8="","",IF(AND(E8=0,C8=""),"Dia sem programa",""))
E9: =IF(A9="","",COUNTIF(Compromissos!A:A,A9)+COUNTIF(Transporte!A:A,A9)) | F9: =IF(A9="","",IF(AND(E9=0,C9=""),"Dia sem programa",""))
E10: =IF(A10="","",COUNTIF(Compromissos!A:A,A10)+COUNTIF(Transporte!A:A,A10)) | F10: =IF(A10="","",IF(AND(E10=0,C10=""),"Dia sem programa",""))
E11: =IF(A11="","",COUNTIF(Compromissos!A:A,A11)+COUNTIF(Transporte!A:A,A11)) | F11: =IF(A11="","",IF(AND(E11=0,C11=""),"Dia sem programa",""))
E12: =IF(A12="","",COUNTIF(Compromissos!A:A,A12)+COUNTIF(Transporte!A:A,A12)) | F12: =IF(A12="","",IF(AND(E12=0,C12=""),"Dia sem programa",""))
E13: =IF(A13="","",COUNTIF(Compromissos!A:A,A13)+COUNTIF(Transporte!A:A,A13)) | F13: =IF(A13="","",IF(AND(E13=0,C13=""),"Dia sem programa",""))
... E301: =IF(A301="","",COUNTIF(Compromissos!A:A,A301)+COUNTIF(Transporte!A:A,A301)) | F301: =IF(A301="","",IF(AND(E301=0,C301=""),"Dia sem programa",""))

Sheet Compromissos
A1: Data | B1: Início | C1: Duração (min) | D1: Tipo | E1: Nome | F1: Local | G1: Abre | H1: Fecha | I1: Fechado no dia | J1: Trajeto (min) | K1: Reserva | L1: Código | M1: Nome na reserva | N1: Pessoas | O1: Pagamento | P1: Custo | Q1: Pago | R1: Observações | S1: Pendência (automática)
S2: =IF(E2="","",IF(AND(OR(D2="Restaurante",D2="Ingresso"),OR(K2="",K2="A decidir")),"Reserva a decidir; ","")&IF(AND(D2="Ingresso",K2="Não"),"Ingresso não comprado; ","")&IF(AND(K2="Sim",L2=""),"Reserva sem código; ","")&IF(I2="Sim","Fechado no dia; ","")&IF(AND(B2<>"",G2<>"",B2<G2),"Antes de abrir; ","")&IF(AND(B2<>"",H2<>"",B2+C2/1440>H2),"Depois de fechar; ",""))
S3: =IF(E3="","",IF(AND(OR(D3="Restaurante",D3="Ingresso"),OR(K3="",K3="A decidir")),"Reserva a decidir; ","")&IF(AND(D3="Ingresso",K3="Não"),"Ingresso não comprado; ","")&IF(AND(K3="Sim",L3=""),"Reserva sem código; ","")&IF(I3="Sim","Fechado no dia; ","")&IF(AND(B3<>"",G3<>"",B3<G3),"Antes de abrir; ","")&IF(AND(B3<>"",H3<>"",B3+C3/1440>H3),"Depois de fechar; ",""))
S4: =IF(E4="","",IF(AND(OR(D4="Restaurante",D4="Ingresso"),OR(K4="",K4="A decidir")),"Reserva a decidir; ","")&IF(AND(D4="Ingresso",K4="Não"),"Ingresso não comprado; ","")&IF(AND(K4="Sim",L4=""),"Reserva sem código; ","")&IF(I4="Sim","Fechado no dia; ","")&IF(AND(B4<>"",G4<>"",B4<G4),"Antes de abrir; ","")&IF(AND(B4<>"",H4<>"",B4+C4/1440>H4),"Depois de fechar; ",""))
S5: =IF(E5="","",IF(AND(OR(D5="Restaurante",D5="Ingresso"),OR(K5="",K5="A decidir")),"Reserva a decidir; ","")&IF(AND(D5="Ingresso",K5="Não"),"Ingresso não comprado; ","")&IF(AND(K5="Sim",L5=""),"Reserva sem código; ","")&IF(I5="Sim","Fechado no dia; ","")&IF(AND(B5<>"",G5<>"",B5<G5),"Antes de abrir; ","")&IF(AND(B5<>"",H5<>"",B5+C5/1440>H5),"Depois de fechar; ",""))
S6: =IF(E6="","",IF(AND(OR(D6="Restaurante",D6="Ingresso"),OR(K6="",K6="A decidir")),"Reserva a decidir; ","")&IF(AND(D6="Ingresso",K6="Não"),"Ingresso não comprado; ","")&IF(AND(K6="Sim",L6=""),"Reserva sem código; ","")&IF(I6="Sim","Fechado no dia; ","")&IF(AND(B6<>"",G6<>"",B6<G6),"Antes de abrir; ","")&IF(AND(B6<>"",H6<>"",B6+C6/1440>H6),"Depois de fechar; ",""))
S7: =IF(E7="","",IF(AND(OR(D7="Restaurante",D7="Ingresso"),OR(K7="",K7="A decidir")),"Reserva a decidir; ","")&IF(AND(D7="Ingresso",K7="Não"),"Ingresso não comprado; ","")&IF(AND(K7="Sim",L7=""),"Reserva sem código; ","")&IF(I7="Sim","Fechado no dia; ","")&IF(AND(B7<>"",G7<>"",B7<G7),"Antes de abrir; ","")&IF(AND(B7<>"",H7<>"",B7+C7/1440>H7),"Depois de fechar; ",""))
S8: =IF(E8="","",IF(AND(OR(D8="Restaurante",D8="Ingresso"),OR(K8="",K8="A decidir")),"Reserva a decidir; ","")&IF(AND(D8="Ingresso",K8="Não"),"Ingresso não comprado; ","")&IF(AND(K8="Sim",L8=""),"Reserva sem código; ","")&IF(I8="Sim","Fechado no dia; ","")&IF(AND(B8<>"",G8<>"",B8<G8),"Antes de abrir; ","")&IF(AND(B8<>"",H8<>"",B8+C8/1440>H8),"Depois de fechar; ",""))
S9: =IF(E9="","",IF(AND(OR(D9="Restaurante",D9="Ingresso"),OR(K9="",K9="A decidir")),"Reserva a decidir; ","")&IF(AND(D9="Ingresso",K9="Não"),"Ingresso não comprado; ","")&IF(AND(K9="Sim",L9=""),"Reserva sem código; ","")&IF(I9="Sim","Fechado no dia; ","")&IF(AND(B9<>"",G9<>"",B9<G9),"Antes de abrir; ","")&IF(AND(B9<>"",H9<>"",B9+C9/1440>H9),"Depois de fechar; ",""))
S10: =IF(E10="","",IF(AND(OR(D10="Restaurante",D10="Ingresso"),OR(K10="",K10="A decidir")),"Reserva a decidir; ","")&IF(AND(D10="Ingresso",K10="Não"),"Ingresso não comprado; ","")&IF(AND(K10="Sim",L10=""),"Reserva sem código; ","")&IF(I10="Sim","Fechado no dia; ","")&IF(AND(B10<>"",G10<>"",B10<G10),"Antes de abrir; ","")&IF(AND(B10<>"",H10<>"",B10+C10/1440>H10),"Depois de fechar; ",""))
S11: =IF(E11="","",IF(AND(OR(D11="Restaurante",D11="Ingresso"),OR(K11="",K11="A decidir")),"Reserva a decidir; ","")&IF(AND(D11="Ingresso",K11="Não"),"Ingresso não comprado; ","")&IF(AND(K11="Sim",L11=""),"Reserva sem código; ","")&IF(I11="Sim","Fechado no dia; ","")&IF(AND(B11<>"",G11<>"",B11<G11),"Antes de abrir; ","")&IF(AND(B11<>"",H11<>"",B11+C11/1440>H11),"Depois de fechar; ",""))
S12: =IF(E12="","",IF(AND(OR(D12="Restaurante",D12="Ingresso"),OR(K12="",K12="A decidir")),"Reserva a decidir; ","")&IF(AND(D12="Ingresso",K12="Não"),"Ingresso não comprado; ","")&IF(AND(K12="Sim",L12=""),"Reserva sem código; ","")&IF(I12="Sim","Fechado no dia; ","")&IF(AND(B12<>"",G12<>"",B12<G12),"Antes de abrir; ","")&IF(AND(B12<>"",H12<>"",B12+C12/1440>H12),"Depois de fechar; ",""))
S13: =IF(E13="","",IF(AND(OR(D13="Restaurante",D13="Ingresso"),OR(K13="",K13="A decidir")),"Reserva a decidir; ","")&IF(AND(D13="Ingresso",K13="Não"),"Ingresso não comprado; ","")&IF(AND(K13="Sim",L13=""),"Reserva sem código; ","")&IF(I13="Sim","Fechado no dia; ","")&IF(AND(B13<>"",G13<>"",B13<G13),"Antes de abrir; ","")&IF(AND(B13<>"",H13<>"",B13+C13/1440>H13),"Depois de fechar; ",""))
... S301: =IF(E301="","",IF(AND(OR(D301="Restaurante",D301="Ingresso"),OR(K301="",K301="A decidir")),"Reserva a decidir; ","")&IF(AND(D301="Ingresso",K301="Não"),"Ingresso não comprado; ","")&IF(AND(K301="Sim",L301=""),"Reserva sem código; ","")&IF(I301="Sim","Fechado no dia; ","")&IF(AND(B301<>"",G301<>"",B301<G301),"Antes de abrir; ","")&IF(AND(B301<>"",H301<>"",B301+C301/1440>H301),"Depois de fechar; ",""))

Sheet Hospedagem
A1: Hotel | B1: Cidade | C1: Check-in | D1: Hora check-in | E1: Check-out | F1: Hora check-out | G1: Endereço | H1: Link | I1: Código | J1: Valor total | K1: Pago | L1: Observações | M1: Pendência (automática)
M2: =IF(A2="","",IF(I2="","Sem código; ","")&IF(G2="","Sem endereço; ","")&IF(OR(C2="",E2=""),"Sem datas; ","")&IF(AND(C2<>"",E2<>"",E2<=C2),"Check-out antes do check-in; ",""))
M3: =IF(A3="","",IF(I3="","Sem código; ","")&IF(G3="","Sem endereço; ","")&IF(OR(C3="",E3=""),"Sem datas; ","")&IF(AND(C3<>"",E3<>"",E3<=C3),"Check-out antes do check-in; ",""))
M4: =IF(A4="","",IF(I4="","Sem código; ","")&IF(G4="","Sem endereço; ","")&IF(OR(C4="",E4=""),"Sem datas; ","")&IF(AND(C4<>"",E4<>"",E4<=C4),"Check-out antes do check-in; ",""))
M5: =IF(A5="","",IF(I5="","Sem código; ","")&IF(G5="","Sem endereço; ","")&IF(OR(C5="",E5=""),"Sem datas; ","")&IF(AND(C5<>"",E5<>"",E5<=C5),"Check-out antes do check-in; ",""))
M6: =IF(A6="","",IF(I6="","Sem código; ","")&IF(G6="","Sem endereço; ","")&IF(OR(C6="",E6=""),"Sem datas; ","")&IF(AND(C6<>"",E6<>"",E6<=C6),"Check-out antes do check-in; ",""))
M7: =IF(A7="","",IF(I7="","Sem código; ","")&IF(G7="","Sem endereço; ","")&IF(OR(C7="",E7=""),"Sem datas; ","")&IF(AND(C7<>"",E7<>"",E7<=C7),"Check-out antes do check-in; ",""))
M8: =IF(A8="","",IF(I8="","Sem código; ","")&IF(G8="","Sem endereço; ","")&IF(OR(C8="",E8=""),"Sem datas; ","")&IF(AND(C8<>"",E8<>"",E8<=C8),"Check-out antes do check-in; ",""))
M9: =IF(A9="","",IF(I9="","Sem código; ","")&IF(G9="","Sem endereço; ","")&IF(OR(C9="",E9=""),"Sem datas; ","")&IF(AND(C9<>"",E9<>"",E9<=C9),"Check-out antes do check-in; ",""))
M10: =IF(A10="","",IF(I10="","Sem código; ","")&IF(G10="","Sem endereço; ","")&IF(OR(C10="",E10=""),"Sem datas; ","")&IF(AND(C10<>"",E10<>"",E10<=C10),"Check-out antes do check-in; ",""))
M11: =IF(A11="","",IF(I11="","Sem código; ","")&IF(G11="","Sem endereço; ","")&IF(OR(C11="",E11=""),"Sem datas; ","")&IF(AND(C11<>"",E11<>"",E11<=C11),"Check-out antes do check-in; ",""))
M12: =IF(A12="","",IF(I12="","Sem código; ","")&IF(G12="","Sem endereço; ","")&IF(OR(C12="",E12=""),"Sem datas; ","")&IF(AND(C12<>"",E12<>"",E12<=C12),"Check-out antes do check-in; ",""))
M13: =IF(A13="","",IF(I13="","Sem código; ","")&IF(G13="","Sem endereço; ","")&IF(OR(C13="",E13=""),"Sem datas; ","")&IF(AND(C13<>"",E13<>"",E13<=C13),"Check-out antes do check-in; ",""))
... M301: =IF(A301="","",IF(I301="","Sem código; ","")&IF(G301="","Sem endereço; ","")&IF(OR(C301="",E301=""),"Sem datas; ","")&IF(AND(C301<>"",E301<>"",E301<=C301),"Check-out antes do check-in; ",""))

Sheet Transporte
A1: Data | B1: Tipo | C1: De | D1: Para | E1: Partida | F1: Chegada | G1: Número | H1: Assento | I1: Código | J1: Terminal | K1: Custo | L1: Pago | M1: Observações | N1: Pendência (automática)
N2: =IF(A2="","",IF(E2="","Sem horário de partida; ","")&IF(AND(B2="Voo",I2=""),"Voo sem código; ",""))
N3: =IF(A3="","",IF(E3="","Sem horário de partida; ","")&IF(AND(B3="Voo",I3=""),"Voo sem código; ",""))
N4: =IF(A4="","",IF(E4="","Sem horário de partida; ","")&IF(AND(B4="Voo",I4=""),"Voo sem código; ",""))
N5: =IF(A5="","",IF(E5="","Sem horário de partida; ","")&IF(AND(B5="Voo",I5=""),"Voo sem código; ",""))
N6: =IF(A6="","",IF(E6="","Sem horário de partida; ","")&IF(AND(B6="Voo",I6=""),"Voo sem código; ",""))
N7: =IF(A7="","",IF(E7="","Sem horário de partida; ","")&IF(AND(B7="Voo",I7=""),"Voo sem código; ",""))
N8: =IF(A8="","",IF(E8="","Sem horário de partida; ","")&IF(AND(B8="Voo",I8=""),"Voo sem código; ",""))
N9: =IF(A9="","",IF(E9="","Sem horário de partida; ","")&IF(AND(B9="Voo",I9=""),"Voo sem código; ",""))
N10: =IF(A10="","",IF(E10="","Sem horário de partida; ","")&IF(AND(B10="Voo",I10=""),"Voo sem código; ",""))
N11: =IF(A11="","",IF(E11="","Sem horário de partida; ","")&IF(AND(B11="Voo",I11=""),"Voo sem código; ",""))
N12: =IF(A12="","",IF(E12="","Sem horário de partida; ","")&IF(AND(B12="Voo",I12=""),"Voo sem código; ",""))
N13: =IF(A13="","",IF(E13="","Sem horário de partida; ","")&IF(AND(B13="Voo",I13=""),"Voo sem código; ",""))
... N301: =IF(A301="","",IF(E301="","Sem horário de partida; ","")&IF(AND(B301="Voo",I301=""),"Voo sem código; ",""))

Sheet Pendências
A1: Pendências (contagem automática)
A2: Restaurantes e ingressos com reserva a decidir | B2: =COUNTIF(Compromissos!S:S,"*Reserva a decidir*") -> 0
A3: Ingressos não comprados | B3: =COUNTIF(Compromissos!S:S,"*Ingresso não comprado*") -> 0
A4: Reservas sem código | B4: =COUNTIF(Compromissos!S:S,"*Reserva sem código*") -> 0
A5: Lugares fechados no dia da visita | B5: =COUNTIF(Compromissos!S:S,"*Fechado no dia*") -> 0
A6: Compromissos fora do horário de funcionamento | B6: =COUNTIF(Compromissos!S:S,"*Antes de abrir*")+COUNTIF(Compromissos!S:S,"*Depois de fechar*") -> 0
A7: Hospedagens com pendência | B7: =COUNTIF(Hospedagem!M2:M301,"?*") -> 0
A8: Transportes com pendência | B8: =COUNTIF(Transporte!N2:N301,"?*") -> 0
A9: Dias sem programa | B9: =COUNTIF(Dias!F:F,"Dia sem programa") -> 0
A10: Total de pendências | B10: =SUM(B2:B9) -> 0
A12: Custos (na moeda em que você preencheu)
B13: Total | C13: Pago | D13: A pagar
A14: Compromissos | B14: =SUM(Compromissos!P:P) -> 0 | C14: =SUMIF(Compromissos!Q:Q,"Sim",Compromissos!P:P) -> 0 | D14: =B14-C14 -> 0
A15: Hospedagem | B15: =SUM(Hospedagem!J:J) -> 0 | C15: =SUMIF(Hospedagem!K:K,"Sim",Hospedagem!J:J) -> 0 | D15: =B15-C15 -> 0
A16: Transporte | B16: =SUM(Transporte!K:K) -> 0 | C16: =SUMIF(Transporte!L:L,"Sim",Transporte!K:K) -> 0 | D16: =B16-C16 -> 0
A17: Total | B17: =SUM(B14:B16) -> 0 | C17: =SUM(C14:C16) -> 0 | D17: =SUM(D14:D16) -> 0
